[
  {
    "sku": "SM-TEE-001",
    "titre": "T-shirt coton rayé",
    "prix": 12.0,
    "tva": 20,
    "image": "data:image/svg+xml;utf8,%3Csvg%20xmlns%3D%27http%3A//www.w3.org/2000/svg%27%20width%3D%27600%27%20height%3D%27400%27%3E%3Crect%20width%3D%27100%25%27%20height%3D%27100%25%27%20fill%3D%27%23e9f5ee%27/%3E%3Ctext%20x%3D%2750%25%27%20y%3D%2750%25%27%20dominant-baseline%3D%27middle%27%20text-anchor%3D%27middle%27%20font-family%3D%27Inter%2C%20Arial%2C%20sans-serif%27%20font-size%3D%2728%27%20fill%3D%27%230f5132%27%3ET-shirt%20ray%C3%A9%3C/text%3E%3C/svg%3E",
    "categorie": "Tops",
    "description": "Coton doux, coupe droite.",
    "taille": "M",
    "etat": "Très bon",
    "marque": "Armor Lux",
    "genre": "Unisexe",
    "stock": 1
  },
  {
    "sku": "SM-JAC-002",
    "titre": "Veste en jean vintage",
    "prix": 35.0,
    "tva": 20,
    "image": "data:image/svg+xml;utf8,%3Csvg%20xmlns%3D%27http%3A//www.w3.org/2000/svg%27%20width%3D%27600%27%20height%3D%27400%27%3E%3Crect%20width%3D%27100%25%27%20height%3D%27100%25%27%20fill%3D%27%23e9f5ee%27/%3E%3Ctext%20x%3D%2750%25%27%20y%3D%2750%25%27%20dominant-baseline%3D%27middle%27%20text-anchor%3D%27middle%27%20font-family%3D%27Inter%2C%20Arial%2C%20sans-serif%27%20font-size%3D%2728%27%20fill%3D%27%230f5132%27%3EVeste%20jean%3C/text%3E%3C/svg%3E",
    "categorie": "Vestes",
    "description": "Denim bleu, patine légère.",
    "taille": "L",
    "etat": "Bon",
    "marque": "Levi's",
    "genre": "Homme",
    "stock": 1
  },
  {
    "sku": "SM-DRS-003",
    "titre": "Robe midi fleurie",
    "prix": 28.0,
    "tva": 20,
    "image": "data:image/svg+xml;utf8,%3Csvg%20xmlns%3D%27http%3A//www.w3.org/2000/svg%27%20width%3D%27600%27%20height%3D%27400%27%3E%3Crect%20width%3D%27100%25%27%20height%3D%27100%25%27%20fill%3D%27%23e9f5ee%27/%3E%3Ctext%20x%3D%2750%25%27%20y%3D%2750%25%27%20dominant-baseline%3D%27middle%27%20text-anchor%3D%27middle%27%20font-family%3D%27Inter%2C%20Arial%2C%20sans-serif%27%20font-size%3D%2728%27%20fill%3D%27%230f5132%27%3ERobe%20fleurie%3C/text%3E%3C/svg%3E",
    "categorie": "Robes",
    "description": "Tissu léger, ceinturée.",
    "taille": "38",
    "etat": "Très bon",
    "marque": "Sézane",
    "genre": "Femme",
    "stock": 1
  },
  {
    "sku": "SM-SWT-004",
    "titre": "Sweat capuche oversize",
    "prix": 22.0,
    "tva": 20,
    "image": "data:image/svg+xml;utf8,%3Csvg%20xmlns%3D%27http%3A//www.w3.org/2000/svg%27%20width%3D%27600%27%20height%3D%27400%27%3E%3Crect%20width%3D%27100%25%27%20height%3D%27100%25%27%20fill%3D%27%23e9f5ee%27/%3E%3Ctext%20x%3D%2750%25%27%20y%3D%2750%25%27%20dominant-baseline%3D%27middle%27%20text-anchor%3D%27middle%27%20font-family%3D%27Inter%2C%20Arial%2C%20sans-serif%27%20font-size%3D%2728%27%20fill%3D%27%230f5132%27%3ESweat%20%C3%A0%20capuche%3C/text%3E%3C/svg%3E",
    "categorie": "Sweats",
    "description": "Oversize, intérieur molleton.",
    "taille": "XL",
    "etat": "Correct",
    "marque": "H&M",
    "genre": "Unisexe",
    "stock": 1
  },
  {
    "sku": "SM-PNT-005",
    "titre": "Pantalon chino beige",
    "prix": 18.0,
    "tva": 20,
    "image": "data:image/svg+xml;utf8,%3Csvg%20xmlns%3D%27http%3A//www.w3.org/2000/svg%27%20width%3D%27600%27%20height%3D%27400%27%3E%3Crect%20width%3D%27100%25%27%20height%3D%27100%25%27%20fill%3D%27%23e9f5ee%27/%3E%3Ctext%20x%3D%2750%25%27%20y%3D%2750%25%27%20dominant-baseline%3D%27middle%27%20text-anchor%3D%27middle%27%20font-family%3D%27Inter%2C%20Arial%2C%20sans-serif%27%20font-size%3D%2728%27%20fill%3D%27%230f5132%27%3EChino%20beige%3C/text%3E%3C/svg%3E",
    "categorie": "Pantalons",
    "description": "Taille mi-haute, jambes droites.",
    "taille": "40",
    "etat": "Bon",
    "marque": "Uniqlo",
    "genre": "Homme",
    "stock": 1
  },
  {
    "sku": "SM-CT-006",
    "titre": "Manteau laine camel",
    "prix": 55.0,
    "tva": 20,
    "image": "data:image/svg+xml;utf8,%3Csvg%20xmlns%3D%27http%3A//www.w3.org/2000/svg%27%20width%3D%27600%27%20height%3D%27400%27%3E%3Crect%20width%3D%27100%25%27%20height%3D%27100%25%27%20fill%3D%27%23e9f5ee%27/%3E%3Ctext%20x%3D%2750%25%27%20y%3D%2750%25%27%20dominant-baseline%3D%27middle%27%20text-anchor%3D%27middle%27%20font-family%3D%27Inter%2C%20Arial%2C%20sans-serif%27%20font-size%3D%2728%27%20fill%3D%27%230f5132%27%3EManteau%20laine%3C/text%3E%3C/svg%3E",
    "categorie": "Manteaux",
    "description": "Laine mélangée, doublé.",
    "taille": "S",
    "etat": "Très bon",
    "marque": "Maje",
    "genre": "Femme",
    "stock": 1
  }
]